{"Rand Score": 0.8291891891891892, "Adjusted Rand Score": 0.6107165053715706}